Fund Name,P1,P2,P3,P4,P5,Topsis Score,Rank
M1,0.7803764620674037,0.8421197470693719,1.0531305773245239,0.7812834785916702,1.0963024201253808,0.37119614229268905,5.0
M2,0.589819419004433,0.4779598564447786,0.9237987520390559,0.664515567389111,0.9283286132340034,0.10682589195708565,8.0
M3,0.7259315926208407,0.7283197812491865,1.0900825274060861,1.193155747197062,1.5793513559195198,0.6884271391126972,3.0
M4,0.6987091578975592,0.6714197983390938,1.0346546022837426,1.4394298871879143,1.8576511543194352,0.7924899356390122,2.0
M5,0.5444486944656305,0.4096798769526674,1.2009383776507727,1.282323970297198,1.6866955638737726,0.6528231484169109,4.0
M6,0.7440798824363617,0.7624597709952422,1.0161786272429616,0.7685451610059366,1.0734420795425308,0.32358730973034583,6.0
M7,0.7985247518829247,0.8762597368154276,1.2933182528546783,1.3460155582258668,1.7900640604223128,0.9217877667141515,1.0
M8,0.7350057375286012,0.7510797744132236,0.794466926753588,0.6369158792866878,0.8885714991768725,0.22319393962513912,7.0
