Fund Name,P1,P2,P3,P4,P5,Topsis Score,Rank
M1,0.39018823103370187,0.42105987353468594,0.35104352577484127,0.26042782619722343,0.2740756050313452,0.47247905184543904,5.0
M2,0.2949097095022165,0.2389799282223893,0.307932917346352,0.22150518912970366,0.23208215330850085,0.12380762603524281,8.0
M3,0.36296579631042036,0.36415989062459325,0.3633608424686954,0.39771858239902064,0.39483783897987995,0.6839624808890166,3.0
M4,0.3493545789487796,0.3357098991695469,0.3448848674279142,0.47980996239597146,0.4644127885798588,0.7366528538836625,2.0
M5,0.27222434723281524,0.2048399384763337,0.4003127925502576,0.4274413234323993,0.42167389096844315,0.5395369537837427,4.0
M6,0.37203994121818085,0.3812298854976211,0.33872620908098716,0.2561817203353122,0.2683605198856327,0.414502055292972,6.0
M7,0.39926237594146236,0.4381298684077138,0.4311060842848928,0.4486718527419556,0.4475160151055782,0.92741212077059,1.0
M8,0.3675028687643006,0.3755398872066118,0.2648223089178627,0.2123052930955626,0.22214287479421813,0.32635448776205517,7.0
